{
    "as-bn": {
        "jw300": 56185,
        "gnome": 166542,
        "ubuntu": 33992,
        "kde4": 6039,
        "pmi-v1": 5615,
        "indo-wordnet-v0.2": 29892,
        "total": 298265
    },
    "as-en": {
        "jw300": 32132,
        "opus100": 138479,
        "gnome": 120868,
        "ubuntu": 44122,
        "kde4": 6324,
        "ted2020": 42,
        "pmi-v1": 9732,
        "total": 351699
    },
    "as-gu": {
        "jw300": 50501,
        "gnome": 145180,
        "ubuntu": 46442,
        "kde4": 6246,
        "pmi-v1": 8337,
        "indo-wordnet-v0.2": 29833,
        "total": 286539
    },
    "as-hi": {
        "jw300": 48254,
        "gnome": 144376,
        "ubuntu": 9539,
        "kde4": 5858,
        "ted2020": 42,
        "pmi-v1": 6678,
        "indo-wordnet-v0.2": 29232,
        "total": 243979
    },
    "as-kn": {
        "jw300": 56507,
        "gnome": 11,
        "ubuntu": 23601,
        "kde4": 4667,
        "pmi-v1": 7105,
        "indo-wordnet-v0.2": 26329,
        "total": 118220
    },
    "as-ml": {
        "jw300": 49976,
        "gnome": 5866,
        "ubuntu": 29426,
        "kde4": 5829,
        "pmi-v1": 5758,
        "indo-wordnet-v0.2": 29704,
        "total": 126559
    },
    "as-mni": {
        "jw300": 0,
        "pmi-v1": 3092,
        "indo-wordnet-v0.2": 29426,
        "total": 32518
    },
    "as-mr": {
        "jw300": 55716,
        "gnome": 143,
        "ubuntu": 7436,
        "kde4": 5894,
        "ted2020": 42,
        "pmi-v1": 5969,
        "indo-wordnet-v0.2": 28305,
        "total": 103505
    },
    "as-or": {
        "jw300": 1673,
        "gnome": 143,
        "ubuntu": 8322,
        "kde4": 5772,
        "pmi-v1": 8265,
        "indo-wordnet-v0.2": 29522,
        "total": 53697
    },
    "as-pa": {
        "jw300": 50078,
        "gnome": 179524,
        "ubuntu": 36357,
        "kde4": 4802,
        "pmi-v1": 7839,
        "indo-wordnet-v0.2": 29164,
        "total": 307764
    },
    "as-sa": {
        "indo-wordnet-sans-v0.2": 23964,
        "total": 23964
    },
    "as-ta": {
        "jw300": 56954,
        "gnome": 34690,
        "ubuntu": 9356,
        "kde4": 4721,
        "ted2020": 42,
        "pmi-v1": 6441,
        "indo-wordnet-v0.2": 28347,
        "total": 140551
    },
    "as-te": {
        "jw300": 56029,
        "gnome": 161,
        "ubuntu": 2718,
        "kde4": 5880,
        "pmi-v1": 7065,
        "indo-wordnet-v0.2": 26272,
        "total": 98125
    },
    "as-ur": {
        "jw300": 45998,
        "gnome": 11414,
        "ubuntu": 2506,
        "pmi-v1": 4060,
        "indo-wordnet-v0.2": 29688,
        "total": 93666
    },
    "bn-en": {
        "jw300": 209177,
        "subtitles": 353484,
        "opus100": 1000000,
        "gnome": 132481,
        "ubuntu": 5634,
        "wikimatrix": 280568,
        "kde4": 36381,
        "tanzil": 187052,
        "ted2020": 10519,
        "pib-v1.3": 93560,
        "pmi-v1": 29584,
        "mkb-v0": 5634,
        "alt-corpus": 20106,
        "wiki-turk": 20788,
        "sanskrit-bible": 7968,
        "total": 2392936
    },
    "bn-gu": {
        "jw300": 241467,
        "gnome": 162671,
        "ubuntu": 44040,
        "kde4": 19311,
        "ted2020": 1045,
        "pib-v1.3": 25166,
        "pmi-v1": 24437,
        "mkb-v0": 3810,
        "indo-wordnet-v0.2": 70952,
        "sanskrit-bible": 7968,
        "total": 600867
    },
    "bn-hi": {
        "jw300": 283888,
        "subtitles": 10296,
        "gnome": 142794,
        "ubuntu": 9850,
        "wikimatrix": 21241,
        "kde4": 31241,
        "tanzil": 24942,
        "ted2020": 4663,
        "pib-v1.3": 49598,
        "pmi-v1": 21159,
        "mkb-v0": 2706,
        "indo-wordnet-v0.2": 71332,
        "alt-corpus": 20106,
        "sanskrit-bible": 7968,
        "total": 701784
    },
    "bn-kn": {
        "jw300": 303633,
        "gnome": 47,
        "ubuntu": 22997,
        "kde4": 9402,
        "ted2020": 1304,
        "pmi-v1": 17575,
        "indo-wordnet-v0.2": 40978,
        "sanskrit-bible": 7968,
        "total": 403904
    },
    "bn-ml": {
        "jw300": 300702,
        "subtitles": 55029,
        "gnome": 206551,
        "ubuntu": 10514,
        "kde4": 20228,
        "tanzil": 24942,
        "ted2020": 585,
        "pib-v1.3": 18149,
        "pmi-v1": 17227,
        "mkb-v0": 2938,
        "indo-wordnet-v0.2": 57490,
        "sanskrit-bible": 7968,
        "total": 722323
    },
    "bn-mni": {
        "jw300": 0,
        "pmi-v1": 4160,
        "indo-wordnet-v0.2": 31076,
        "total": 35236
    },
    "bn-mr": {
        "jw300": 294579,
        "gnome": 149,
        "ubuntu": 1992,
        "kde4": 9927,
        "ted2020": 2216,
        "pib-v1.3": 34043,
        "pmi-v1": 19637,
        "mkb-v0": 3054,
        "indo-wordnet-v0.2": 54351,
        "total": 419948
    },
    "bn-or": {
        "jw300": 0,
        "gnome": 149,
        "ubuntu": 8123,
        "kde4": 7251,
        "pib-v1.3": 26456,
        "pmi-v1": 20375,
        "mkb-v0": 447,
        "indo-wordnet-v0.2": 70357,
        "total": 133158
    },
    "bn-pa": {
        "jw300": 296906,
        "gnome": 186317,
        "ubuntu": 12556,
        "kde4": 26579,
        "ted2020": 125,
        "pib-v1.3": 35109,
        "pmi-v1": 17524,
        "indo-wordnet-v0.2": 64714,
        "total": 639830
    },
    "bn-sa": {
        "indo-wordnet-sans-v0.2": 47435,
        "sanskrit-bible": 7968,
        "total": 55403
    },
    "bn-ta": {
        "jw300": 316160,
        "subtitles": 2643,
        "gnome": 28382,
        "ubuntu": 9082,
        "wikimatrix": 12735,
        "kde4": 32858,
        "tanzil": 12471,
        "ted2020": 2251,
        "pib-v1.3": 33005,
        "pmi-v1": 19499,
        "mkb-v0": 3460,
        "indo-wordnet-v0.2": 50733,
        "sanskrit-bible": 7968,
        "total": 531247
    },
    "bn-te": {
        "jw300": 216755,
        "subtitles": 0,
        "gnome": 115,
        "ubuntu": 2984,
        "kde4": 10279,
        "ted2020": 1312,
        "pib-v1.3": 17605,
        "pmi-v1": 20479,
        "mkb-v0": 2939,
        "indo-wordnet-v0.2": 42170,
        "sanskrit-bible": 7968,
        "total": 322606
    },
    "bn-ur": {
        "jw300": 215881,
        "subtitles": 4806,
        "gnome": 9358,
        "ubuntu": 3015,
        "tanzil": 99762,
        "ted2020": 2911,
        "pib-v1.3": 39290,
        "pmi-v1": 6426,
        "mkb-v0": 559,
        "indo-wordnet-v0.2": 68456,
        "total": 450464
    },
    "en-gu": {
        "jw300": 276175,
        "opus100": 318306,
        "gnome": 292033,
        "ubuntu": 57478,
        "kde4": 33230,
        "ted2020": 15969,
        "pib-v1.3": 59739,
        "pmi-v1": 49844,
        "mkb-v0": 6615,
        "wikititles-temp": 11671,
        "sanskrit-bible": 7968,
        "total": 1129028
    },
    "en-hi": {
        "jw300": 425380,
        "subtitles": 82574,
        "opus100": 534319,
        "gnome": 145706,
        "ubuntu": 11309,
        "wikimatrix": 231460,
        "kde4": 97227,
        "tanzil": 187080,
        "ted2020": 47633,
        "pib-v1.3": 269594,
        "pmi-v1": 56831,
        "mkb-v0": 5272,
        "alt-corpus": 20106,
        "wiki-turk": 37726,
        "iitb": 1609682,
        "sanskrit-bible": 7968,
        "total": 3769867
    },
    "en-kn": {
        "jw300": 240758,
        "opus100": 14537,
        "gnome": 47,
        "ubuntu": 2631,
        "kde4": 14027,
        "ted2020": 2283,
        "pmi-v1": 35232,
        "sanskrit-bible": 7968,
        "total": 317483
    },
    "en-ml": {
        "jw300": 285013,
        "subtitles": 316633,
        "opus100": 822746,
        "gnome": 15965,
        "ubuntu": 11551,
        "wikimatrix": 71509,
        "kde4": 41076,
        "tanzil": 187081,
        "ted2020": 6093,
        "pib-v1.3": 44986,
        "pmi-v1": 33669,
        "mkb-v0": 5017,
        "wiki-turk": 29518,
        "sanskrit-bible": 7968,
        "total": 1878825
    },
    "en-mni": {
        "jw300": 0,
        "pmi-v1": 7419,
        "total": 7419
    },
    "en-mr": {
        "jw300": 207613,
        "opus100": 27007,
        "gnome": 149,
        "ubuntu": 3218,
        "wikimatrix": 124309,
        "kde4": 13220,
        "ted2020": 23000,
        "pib-v1.3": 117199,
        "pmi-v1": 36131,
        "mkb-v0": 5867,
        "total": 557713
    },
    "en-or": {
        "jw300": 0,
        "opus100": 14273,
        "gnome": 149,
        "ubuntu": 9186,
        "kde4": 8041,
        "pib-v1.3": 98230,
        "pmi-v1": 38359,
        "mkb-v0": 768,
        "odi-en-v2.0": 38683,
        "total": 207689
    },
    "en-pa": {
        "jw300": 325578,
        "opus100": 107296,
        "gnome": 46578,
        "ubuntu": 4220,
        "kde4": 89170,
        "ted2020": 770,
        "pib-v1.3": 103296,
        "pmi-v1": 34395,
        "total": 711303
    },
    "en-sa": {
        "ramayana-sans-iitk": 155053,
        "sanskrit-bible": 7968,
        "total": 163021
    },
    "en-ta": {
        "jw300": 473969,
        "subtitles": 28127,
        "opus100": 227014,
        "gnome": 23997,
        "ubuntu": 3913,
        "wikimatrix": 95162,
        "kde4": 83344,
        "tanzil": 93540,
        "ted2020": 11324,
        "pib-v1.3": 118759,
        "pmi-v1": 39526,
        "mkb-v0": 5744,
        "wikititles-temp": 102146,
        "ufal-en-ta": 166871,
        "wiki-turk": 35027,
        "sanskrit-bible": 7968,
        "total": 1516431
    },
    "en-te": {
        "jw300": 148725,
        "subtitles": 24826,
        "opus100": 64352,
        "gnome": 115,
        "ubuntu": 4271,
        "wikimatrix": 91911,
        "kde4": 15393,
        "ted2020": 5354,
        "pib-v1.3": 44888,
        "pmi-v1": 40283,
        "mkb-v0": 5177,
        "wiki-turk": 43038,
        "sanskrit-bible": 7968,
        "total": 496301
    },
    "en-ur": {
        "jw300": 298387,
        "subtitles": 14002,
        "opus100": 753913,
        "gnome": 11535,
        "ubuntu": 3025,
        "tanzil": 748320,
        "ted2020": 15755,
        "pib-v1.3": 202578,
        "pmi-v1": 11167,
        "mkb-v0": 1019,
        "en-ur-charles": 14371,
        "wiki-turk": 33798,
        "total": 2107870
    },
    "gu-hi": {
        "jw300": 289048,
        "gnome": 150276,
        "ubuntu": 9031,
        "kde4": 30293,
        "ted2020": 3708,
        "pib-v1.3": 41587,
        "pmi-v1": 35680,
        "mkb-v0": 3213,
        "indo-wordnet-v0.2": 69886,
        "sanskrit-bible": 7968,
        "total": 640690
    },
    "gu-kn": {
        "jw300": 294083,
        "gnome": 47,
        "ubuntu": 2016,
        "kde4": 12198,
        "ted2020": 583,
        "pmi-v1": 28917,
        "indo-wordnet-v0.2": 40893,
        "sanskrit-bible": 7968,
        "total": 386705
    },
    "gu-ml": {
        "jw300": 277070,
        "gnome": 6122,
        "ubuntu": 10573,
        "kde4": 29365,
        "ted2020": 325,
        "pib-v1.3": 18252,
        "pmi-v1": 26939,
        "mkb-v0": 3469,
        "indo-wordnet-v0.2": 56861,
        "sanskrit-bible": 7968,
        "total": 436944
    },
    "gu-mni": {
        "jw300": 0,
        "pmi-v1": 6192,
        "indo-wordnet-v0.2": 30981,
        "total": 37173
    },
    "gu-mr": {
        "jw300": 262043,
        "gnome": 117,
        "ubuntu": 1963,
        "kde4": 12683,
        "ted2020": 2478,
        "pib-v1.3": 30766,
        "pmi-v1": 30333,
        "mkb-v0": 3658,
        "indo-wordnet-v0.2": 53917,
        "total": 397958
    },
    "gu-or": {
        "jw300": 0,
        "gnome": 117,
        "ubuntu": 8549,
        "kde4": 7914,
        "pib-v1.3": 27162,
        "pmi-v1": 31955,
        "mkb-v0": 541,
        "indo-wordnet-v0.2": 68879,
        "total": 145117
    },
    "gu-pa": {
        "jw300": 278042,
        "gnome": 46010,
        "ubuntu": 2963,
        "kde4": 29377,
        "ted2020": 89,
        "pib-v1.3": 35566,
        "pmi-v1": 29403,
        "indo-wordnet-v0.2": 63509,
        "total": 484959
    },
    "gu-sa": {
        "indo-wordnet-sans-v0.2": 47083,
        "sanskrit-bible": 7968,
        "total": 55051
    },
    "gu-ta": {
        "jw300": 281900,
        "gnome": 28466,
        "ubuntu": 2001,
        "kde4": 25838,
        "ted2020": 928,
        "pib-v1.3": 29187,
        "pmi-v1": 31511,
        "mkb-v0": 3998,
        "indo-wordnet-v0.2": 50305,
        "sanskrit-bible": 7968,
        "total": 462102
    },
    "gu-te": {
        "jw300": 177168,
        "gnome": 115,
        "ubuntu": 8672,
        "kde4": 11648,
        "ted2020": 449,
        "pib-v1.3": 16335,
        "pmi-v1": 33049,
        "mkb-v0": 3528,
        "indo-wordnet-v0.2": 41947,
        "sanskrit-bible": 7968,
        "total": 300879
    },
    "gu-ur": {
        "jw300": 247733,
        "gnome": 12124,
        "ubuntu": 2837,
        "ted2020": 1933,
        "pib-v1.3": 29938,
        "pmi-v1": 9520,
        "mkb-v0": 749,
        "indo-wordnet-v0.2": 67104,
        "total": 371938
    },
    "hi-kn": {
        "jw300": 322357,
        "gnome": 42,
        "ubuntu": 9307,
        "kde4": 12480,
        "ted2020": 1214,
        "pmi-v1": 23889,
        "indo-wordnet-v0.2": 43570,
        "sanskrit-bible": 7968,
        "total": 420827
    },
    "hi-ml": {
        "jw300": 334758,
        "subtitles": 1665,
        "gnome": 15920,
        "ubuntu": 8966,
        "kde4": 37964,
        "tanzil": 24944,
        "ted2020": 1781,
        "pib-v1.3": 27167,
        "pmi-v1": 23440,
        "mkb-v0": 2305,
        "indo-wordnet-v0.2": 59122,
        "sanskrit-bible": 7968,
        "total": 546000
    },
    "hi-mni": {
        "jw300": 0,
        "pmi-v1": 5694,
        "indo-wordnet-v0.2": 30424,
        "total": 36118
    },
    "hi-mr": {
        "jw300": 291592,
        "gnome": 529,
        "ubuntu": 1994,
        "wikimatrix": 11687,
        "kde4": 12383,
        "ted2020": 7964,
        "pib-v1.3": 69186,
        "pmi-v1": 26419,
        "mkb-v0": 2491,
        "indo-wordnet-v0.2": 58281,
        "wmt-hi-mr": 17377,
        "total": 499903
    },
    "hi-or": {
        "jw300": 0,
        "gnome": 529,
        "ubuntu": 8559,
        "kde4": 7458,
        "pib-v1.3": 61070,
        "pmi-v1": 26291,
        "mkb-v0": 389,
        "indo-wordnet-v0.2": 69333,
        "total": 173629
    },
    "hi-pa": {
        "jw300": 385368,
        "gnome": 164768,
        "ubuntu": 9398,
        "kde4": 63350,
        "ted2020": 409,
        "pib-v1.3": 75200,
        "pmi-v1": 24464,
        "indo-wordnet-v0.2": 63794,
        "total": 786751
    },
    "hi-sa": {
        "indo-wordnet-sans-v0.2": 50099,
        "ramcharitmanas-sans": 5942,
        "sanskrit-bible": 7968,
        "total": 64009
    },
    "hi-ta": {
        "jw300": 510048,
        "subtitles": 19773,
        "gnome": 30117,
        "ubuntu": 9692,
        "wikimatrix": 13225,
        "kde4": 70958,
        "tanzil": 12472,
        "ted2020": 4844,
        "pib-v1.3": 64945,
        "pmi-v1": 28093,
        "mkb-v0": 2761,
        "indo-wordnet-v0.2": 49975,
        "sanskrit-bible": 7968,
        "total": 824871
    },
    "hi-te": {
        "jw300": 189826,
        "subtitles": 23181,
        "gnome": 444,
        "ubuntu": 3137,
        "wikimatrix": 18148,
        "kde4": 14427,
        "ted2020": 2699,
        "pib-v1.3": 28569,
        "pmi-v1": 28964,
        "mkb-v0": 2289,
        "indo-wordnet-v0.2": 41484,
        "sanskrit-bible": 7968,
        "total": 361136
    },
    "hi-ur": {
        "jw300": 251786,
        "gnome": 12734,
        "ubuntu": 2886,
        "tanzil": 99776,
        "ted2020": 4966,
        "pib-v1.3": 109951,
        "pmi-v1": 8443,
        "mkb-v0": 742,
        "indo-wordnet-v0.2": 67539,
        "total": 558823
    },
    "kn-ml": {
        "jw300": 323857,
        "gnome": 47,
        "ubuntu": 10754,
        "kde4": 11883,
        "ted2020": 208,
        "pmi-v1": 21473,
        "indo-wordnet-v0.2": 41022,
        "sanskrit-bible": 7968,
        "total": 417212
    },
    "kn-mni": {
        "jw300": 0,
        "pmi-v1": 5578,
        "indo-wordnet-v0.2": 26798,
        "total": 32376
    },
    "kn-mr": {
        "jw300": 315193,
        "gnome": 47,
        "ubuntu": 1944,
        "kde4": 11160,
        "ted2020": 382,
        "pmi-v1": 20960,
        "indo-wordnet-v0.2": 37950,
        "total": 387636
    },
    "kn-or": {
        "jw300": 0,
        "gnome": 47,
        "ubuntu": 8409,
        "kde4": 6442,
        "pmi-v1": 27848,
        "indo-wordnet-v0.2": 39081,
        "total": 81827
    },
    "kn-pa": {
        "jw300": 313679,
        "gnome": 45,
        "ubuntu": 2175,
        "kde4": 13004,
        "pmi-v1": 24484,
        "indo-wordnet-v0.2": 38824,
        "total": 392211
    },
    "kn-sa": {
        "indo-wordnet-sans-v0.2": 31031,
        "sanskrit-bible": 7968,
        "total": 38999
    },
    "kn-ta": {
        "jw300": 340879,
        "gnome": 32053,
        "ubuntu": 2430,
        "kde4": 11841,
        "ted2020": 1326,
        "pmi-v1": 22489,
        "indo-wordnet-v0.2": 38163,
        "sanskrit-bible": 7968,
        "total": 457149
    },
    "kn-te": {
        "jw300": 208924,
        "gnome": 47,
        "ubuntu": 8631,
        "kde4": 9244,
        "ted2020": 912,
        "pmi-v1": 24015,
        "indo-wordnet-v0.2": 37570,
        "sanskrit-bible": 7968,
        "total": 297311
    },
    "kn-ur": {
        "jw300": 234126,
        "gnome": 11684,
        "ubuntu": 2568,
        "ted2020": 1276,
        "pmi-v1": 7655,
        "indo-wordnet-v0.2": 39294,
        "total": 296603
    },
    "ml-mni": {
        "jw300": 0,
        "pmi-v1": 4208,
        "indo-wordnet-v0.2": 30664,
        "total": 34872
    },
    "ml-mr": {
        "jw300": 291942,
        "gnome": 149,
        "ubuntu": 2040,
        "kde4": 12228,
        "ted2020": 680,
        "pib-v1.3": 22796,
        "pmi-v1": 20460,
        "mkb-v0": 2803,
        "indo-wordnet-v0.2": 46613,
        "total": 399711
    },
    "ml-or": {
        "jw300": 0,
        "gnome": 149,
        "ubuntu": 7782,
        "kde4": 7457,
        "pib-v1.3": 19413,
        "pmi-v1": 23887,
        "mkb-v0": 427,
        "indo-wordnet-v0.2": 55425,
        "total": 114540
    },
    "ml-pa": {
        "jw300": 331553,
        "gnome": 2016,
        "ubuntu": 10970,
        "kde4": 31886,
        "pib-v1.3": 21978,
        "pmi-v1": 20758,
        "indo-wordnet-v0.2": 55048,
        "total": 474209
    },
    "ml-sa": {
        "indo-wordnet-sans-v0.2": 38307,
        "sanskrit-bible": 7968,
        "total": 46275
    },
    "ml-ta": {
        "jw300": 395829,
        "subtitles": 1211,
        "gnome": 1084,
        "ubuntu": 8641,
        "kde4": 32873,
        "tanzil": 12472,
        "ted2020": 741,
        "pib-v1.3": 23609,
        "pmi-v1": 22338,
        "mkb-v0": 3124,
        "indo-wordnet-v0.2": 50223,
        "sanskrit-bible": 7968,
        "total": 560113
    },
    "ml-te": {
        "jw300": 204869,
        "gnome": 115,
        "ubuntu": 2346,
        "kde4": 11995,
        "ted2020": 402,
        "pib-v1.3": 10480,
        "pmi-v1": 23195,
        "mkb-v0": 2898,
        "indo-wordnet-v0.2": 41958,
        "sanskrit-bible": 7968,
        "total": 306226
    },
    "ml-ur": {
        "jw300": 249140,
        "gnome": 11988,
        "ubuntu": 3067,
        "tanzil": 99776,
        "ted2020": 373,
        "pib-v1.3": 20913,
        "pmi-v1": 7034,
        "mkb-v0": 624,
        "indo-wordnet-v0.2": 56076,
        "total": 448991
    },
    "mni-mr": {
        "jw300": 0,
        "pmi-v1": 4545,
        "indo-wordnet-v0.2": 28925,
        "total": 33470
    },
    "mni-or": {
        "jw300": 0,
        "pmi-v1": 6286,
        "indo-wordnet-v0.2": 30903,
        "total": 37189
    },
    "mni-pa": {
        "jw300": 0,
        "pmi-v1": 5929,
        "indo-wordnet-v0.2": 30268,
        "total": 36197
    },
    "mni-sa": {
        "indo-wordnet-sans-v0.2": 24347,
        "total": 24347
    },
    "mni-ta": {
        "jw300": 0,
        "pmi-v1": 5060,
        "indo-wordnet-v0.2": 29163,
        "total": 34223
    },
    "mni-te": {
        "jw300": 0,
        "pmi-v1": 5546,
        "indo-wordnet-v0.2": 26833,
        "total": 32379
    },
    "mni-ur": {
        "jw300": 0,
        "pmi-v1": 3267,
        "indo-wordnet-v0.2": 30812,
        "total": 34079
    },
    "mr-or": {
        "jw300": 0,
        "gnome": 149,
        "ubuntu": 7289,
        "kde4": 7919,
        "pib-v1.3": 47001,
        "pmi-v1": 23341,
        "mkb-v0": 432,
        "indo-wordnet-v0.2": 52953,
        "total": 139084
    },
    "mr-pa": {
        "jw300": 286868,
        "gnome": 43187,
        "ubuntu": 1996,
        "kde4": 11525,
        "ted2020": 320,
        "pib-v1.3": 50418,
        "pmi-v1": 20715,
        "indo-wordnet-v0.2": 50139,
        "total": 465168
    },
    "mr-sa": {
        "indo-wordnet-sans-v0.2": 41901,
        "total": 41901
    },
    "mr-ta": {
        "jw300": 307624,
        "gnome": 28464,
        "ubuntu": 2236,
        "kde4": 10290,
        "ted2020": 2770,
        "pib-v1.3": 48535,
        "pmi-v1": 23734,
        "mkb-v0": 3175,
        "indo-wordnet-v0.2": 40153,
        "total": 466981
    },
    "mr-te": {
        "jw300": 195389,
        "gnome": 115,
        "ubuntu": 1902,
        "kde4": 10541,
        "ted2020": 1391,
        "pib-v1.3": 18179,
        "pmi-v1": 24806,
        "mkb-v0": 2839,
        "indo-wordnet-v0.2": 35045,
        "total": 290207
    },
    "mr-ur": {
        "jw300": 215638,
        "gnome": 12705,
        "ubuntu": 2866,
        "ted2020": 3353,
        "pib-v1.3": 49691,
        "pmi-v1": 7229,
        "mkb-v0": 490,
        "indo-wordnet-v0.2": 51597,
        "total": 343569
    },
    "or-pa": {
        "jw300": 0,
        "gnome": 2689,
        "ubuntu": 8495,
        "kde4": 6551,
        "pib-v1.3": 43159,
        "pmi-v1": 28142,
        "indo-wordnet-v0.2": 62611,
        "total": 151647
    },
    "or-sa": {
        "indo-wordnet-sans-v0.2": 46497,
        "total": 46497
    },
    "or-ta": {
        "jw300": 0,
        "gnome": 1704,
        "ubuntu": 8546,
        "kde4": 6370,
        "pib-v1.3": 44035,
        "pmi-v1": 24657,
        "mkb-v0": 470,
        "indo-wordnet-v0.2": 48662,
        "total": 134444
    },
    "or-te": {
        "jw300": 0,
        "gnome": 115,
        "ubuntu": 8158,
        "kde4": 7612,
        "pib-v1.3": 10475,
        "pmi-v1": 26353,
        "mkb-v0": 440,
        "indo-wordnet-v0.2": 40070,
        "total": 93223
    },
    "or-ur": {
        "jw300": 0,
        "gnome": 11460,
        "ubuntu": 2630,
        "pib-v1.3": 43766,
        "pmi-v1": 9538,
        "mkb-v0": 98,
        "indo-wordnet-v0.2": 66351,
        "total": 133843
    },
    "pa-sa": {
        "indo-wordnet-sans-v0.2": 41834,
        "total": 41834
    },
    "pa-ta": {
        "jw300": 378500,
        "gnome": 31755,
        "ubuntu": 2437,
        "kde4": 54389,
        "ted2020": 35,
        "pib-v1.3": 46349,
        "pmi-v1": 21997,
        "indo-wordnet-v0.2": 49062,
        "total": 584524
    },
    "pa-te": {
        "jw300": 197835,
        "gnome": 46629,
        "ubuntu": 9388,
        "kde4": 13269,
        "ted2020": 60,
        "pib-v1.3": 25684,
        "pmi-v1": 23405,
        "indo-wordnet-v0.2": 40584,
        "total": 356854
    },
    "pa-ur": {
        "jw300": 243771,
        "gnome": 11930,
        "ubuntu": 2831,
        "ted2020": 328,
        "pib-v1.3": 51831,
        "pmi-v1": 9442,
        "indo-wordnet-v0.2": 62288,
        "total": 382421
    },
    "sa-ta": {
        "indo-wordnet-sans-v0.2": 32620,
        "sanskrit-bible": 7968,
        "total": 40588
    },
    "sa-te": {
        "indo-wordnet-sans-v0.2": 29612,
        "sanskrit-bible": 7968,
        "total": 37580
    },
    "sa-ur": {
        "indo-wordnet-sans-v0.2": 44463,
        "total": 44463
    },
    "ta-te": {
        "jw300": 221760,
        "subtitles": 21135,
        "gnome": 34513,
        "ubuntu": 9229,
        "kde4": 12876,
        "ted2020": 1344,
        "pib-v1.3": 17359,
        "pmi-v1": 26717,
        "mkb-v0": 3100,
        "indo-wordnet-v0.2": 42087,
        "sanskrit-bible": 7968,
        "total": 398088
    },
    "ta-ur": {
        "jw300": 238530,
        "gnome": 12764,
        "ubuntu": 2891,
        "tanzil": 49888,
        "ted2020": 2495,
        "pib-v1.3": 48892,
        "pmi-v1": 7644,
        "mkb-v0": 637,
        "indo-wordnet-v0.2": 50615,
        "total": 414356
    },
    "te-ur": {
        "jw300": 148579,
        "gnome": 11889,
        "ubuntu": 1918,
        "ted2020": 1615,
        "pib-v1.3": 21148,
        "pmi-v1": 8420,
        "mkb-v0": 599,
        "indo-wordnet-v0.2": 42086,
        "total": 236254
    }
}