{
    "as-bn": {
        "jw300": 53044,
        "gnome": 34027,
        "ubuntu": 27310,
        "kde4": 4105,
        "pmi-v1": 5611,
        "indo-wordnet-v0.2": 29791,
        "total": 153888
    },
    "as-en": {
        "jw300": 31304,
        "opus100": 55932,
        "gnome": 28887,
        "ubuntu": 39724,
        "kde4": 5903,
        "ted2020": 41,
        "pmi-v1": 9732,
        "total": 171523
    },
    "as-gu": {
        "jw300": 47887,
        "gnome": 30218,
        "ubuntu": 39989,
        "kde4": 5461,
        "pmi-v1": 8335,
        "indo-wordnet-v0.2": 29770,
        "total": 161660
    },
    "as-hi": {
        "jw300": 46639,
        "gnome": 31471,
        "ubuntu": 8996,
        "kde4": 5282,
        "ted2020": 41,
        "pmi-v1": 6676,
        "indo-wordnet-v0.2": 29172,
        "total": 128277
    },
    "as-kn": {
        "jw300": 53565,
        "gnome": 11,
        "ubuntu": 20273,
        "kde4": 4194,
        "pmi-v1": 7104,
        "indo-wordnet-v0.2": 26317,
        "total": 111464
    },
    "as-ml": {
        "jw300": 48503,
        "gnome": 2453,
        "ubuntu": 25861,
        "kde4": 5501,
        "pmi-v1": 5756,
        "indo-wordnet-v0.2": 29664,
        "total": 117738
    },
    "as-mni": {
        "jw300": 0,
        "pmi-v1": 3088,
        "indo-wordnet-v0.2": 29411,
        "total": 32499
    },
    "as-mr": {
        "jw300": 52730,
        "gnome": 138,
        "ubuntu": 7089,
        "kde4": 4424,
        "ted2020": 41,
        "pmi-v1": 5966,
        "indo-wordnet-v0.2": 28288,
        "total": 98676
    },
    "as-or": {
        "jw300": 1386,
        "gnome": 136,
        "ubuntu": 7809,
        "kde4": 3799,
        "pmi-v1": 8263,
        "indo-wordnet-v0.2": 29438,
        "total": 50831
    },
    "as-pa": {
        "jw300": 48236,
        "gnome": 38514,
        "ubuntu": 32290,
        "kde4": 4056,
        "pmi-v1": 7838,
        "indo-wordnet-v0.2": 29110,
        "total": 160044
    },
    "as-sa": {
        "indo-wordnet-sans-v0.2": 23957,
        "total": 23957
    },
    "as-ta": {
        "jw300": 53953,
        "gnome": 6782,
        "ubuntu": 8936,
        "kde4": 3791,
        "ted2020": 41,
        "pmi-v1": 6441,
        "indo-wordnet-v0.2": 28315,
        "total": 108259
    },
    "as-te": {
        "jw300": 53171,
        "gnome": 158,
        "ubuntu": 2657,
        "kde4": 4625,
        "pmi-v1": 7065,
        "indo-wordnet-v0.2": 26270,
        "total": 93946
    },
    "as-ur": {
        "jw300": 44575,
        "gnome": 2231,
        "ubuntu": 2030,
        "pmi-v1": 4057,
        "indo-wordnet-v0.2": 29645,
        "total": 82538
    },
    "bn-en": {
        "jw300": 196945,
        "subtitles": 308602,
        "opus100": 719845,
        "gnome": 22594,
        "ubuntu": 4310,
        "wikimatrix": 280563,
        "kde4": 34285,
        "tanzil": 184479,
        "ted2020": 10258,
        "pib-v1.3": 93555,
        "pmi-v1": 29584,
        "mkb-v0": 5634,
        "alt-corpus": 20106,
        "wiki-turk": 19215,
        "sanskrit-bible": 7931,
        "total": 1937906
    },
    "bn-gu": {
        "jw300": 223355,
        "gnome": 24088,
        "ubuntu": 36160,
        "kde4": 16419,
        "ted2020": 1029,
        "pib-v1.3": 25163,
        "pmi-v1": 24429,
        "mkb-v0": 3810,
        "indo-wordnet-v0.2": 67687,
        "sanskrit-bible": 7931,
        "total": 430071
    },
    "bn-hi": {
        "jw300": 264433,
        "subtitles": 9888,
        "gnome": 21151,
        "ubuntu": 9281,
        "wikimatrix": 21240,
        "kde4": 24433,
        "tanzil": 24840,
        "ted2020": 4570,
        "pib-v1.3": 49581,
        "pmi-v1": 21147,
        "mkb-v0": 2706,
        "indo-wordnet-v0.2": 68003,
        "alt-corpus": 20106,
        "sanskrit-bible": 7931,
        "total": 549310
    },
    "bn-kn": {
        "jw300": 277436,
        "gnome": 44,
        "ubuntu": 18173,
        "kde4": 8459,
        "ted2020": 1294,
        "pmi-v1": 17563,
        "indo-wordnet-v0.2": 40941,
        "sanskrit-bible": 7931,
        "total": 371841
    },
    "bn-ml": {
        "jw300": 281369,
        "subtitles": 52783,
        "gnome": 33083,
        "ubuntu": 9019,
        "kde4": 17452,
        "tanzil": 24763,
        "ted2020": 579,
        "pib-v1.3": 18145,
        "pmi-v1": 17223,
        "mkb-v0": 2938,
        "indo-wordnet-v0.2": 56088,
        "sanskrit-bible": 7927,
        "total": 521369
    },
    "bn-mni": {
        "jw300": 0,
        "pmi-v1": 4156,
        "indo-wordnet-v0.2": 31053,
        "total": 35209
    },
    "bn-mr": {
        "jw300": 269373,
        "gnome": 139,
        "ubuntu": 1941,
        "kde4": 7592,
        "ted2020": 2180,
        "pib-v1.3": 34036,
        "pmi-v1": 19624,
        "mkb-v0": 3054,
        "indo-wordnet-v0.2": 52029,
        "total": 389968
    },
    "bn-or": {
        "jw300": 0,
        "gnome": 137,
        "ubuntu": 7616,
        "kde4": 5356,
        "pib-v1.3": 26455,
        "pmi-v1": 20366,
        "mkb-v0": 447,
        "indo-wordnet-v0.2": 67213,
        "total": 127590
    },
    "bn-pa": {
        "jw300": 274401,
        "gnome": 26170,
        "ubuntu": 11597,
        "kde4": 20575,
        "ted2020": 122,
        "pib-v1.3": 35097,
        "pmi-v1": 17513,
        "indo-wordnet-v0.2": 62018,
        "total": 447493
    },
    "bn-sa": {
        "indo-wordnet-sans-v0.2": 45001,
        "sanskrit-bible": 7931,
        "total": 52932
    },
    "bn-ta": {
        "jw300": 294061,
        "subtitles": 2452,
        "gnome": 4641,
        "ubuntu": 8669,
        "wikimatrix": 12734,
        "kde4": 24203,
        "tanzil": 12383,
        "ted2020": 2215,
        "pib-v1.3": 33001,
        "pmi-v1": 19495,
        "mkb-v0": 3460,
        "indo-wordnet-v0.2": 50079,
        "sanskrit-bible": 7931,
        "total": 475324
    },
    "bn-te": {
        "jw300": 201728,
        "subtitles": 0,
        "gnome": 113,
        "ubuntu": 2857,
        "kde4": 7714,
        "ted2020": 1294,
        "pib-v1.3": 17603,
        "pmi-v1": 20475,
        "mkb-v0": 2939,
        "indo-wordnet-v0.2": 42101,
        "sanskrit-bible": 7906,
        "total": 304730
    },
    "bn-ur": {
        "jw300": 205776,
        "subtitles": 4663,
        "gnome": 1041,
        "ubuntu": 2196,
        "tanzil": 98787,
        "ted2020": 2865,
        "pib-v1.3": 39289,
        "pmi-v1": 6423,
        "mkb-v0": 559,
        "indo-wordnet-v0.2": 65852,
        "total": 427451
    },
    "en-gu": {
        "jw300": 263533,
        "opus100": 106612,
        "gnome": 61547,
        "ubuntu": 51128,
        "kde4": 31018,
        "ted2020": 15562,
        "pib-v1.3": 59734,
        "pmi-v1": 49844,
        "mkb-v0": 6615,
        "wikititles-temp": 9182,
        "sanskrit-bible": 7931,
        "total": 662706
    },
    "en-hi": {
        "jw300": 396964,
        "subtitles": 69850,
        "opus100": 372724,
        "gnome": 28590,
        "ubuntu": 10602,
        "wikimatrix": 231455,
        "kde4": 84603,
        "tanzil": 185212,
        "ted2020": 46391,
        "pib-v1.3": 269501,
        "pmi-v1": 56831,
        "mkb-v0": 5271,
        "alt-corpus": 20106,
        "wiki-turk": 36175,
        "iitb": 1363256,
        "sanskrit-bible": 7928,
        "total": 3185459
    },
    "en-kn": {
        "jw300": 222732,
        "opus100": 13628,
        "gnome": 44,
        "ubuntu": 2523,
        "kde4": 12805,
        "ted2020": 2256,
        "pmi-v1": 35232,
        "sanskrit-bible": 7927,
        "total": 297147
    },
    "en-ml": {
        "jw300": 261987,
        "subtitles": 284219,
        "opus100": 631732,
        "gnome": 3901,
        "ubuntu": 10899,
        "wikimatrix": 71470,
        "kde4": 38630,
        "tanzil": 184628,
        "ted2020": 5970,
        "pib-v1.3": 44984,
        "pmi-v1": 33669,
        "mkb-v0": 5017,
        "wiki-turk": 28510,
        "sanskrit-bible": 7924,
        "total": 1613540
    },
    "en-mni": {
        "jw300": 0,
        "pmi-v1": 7419,
        "total": 7419
    },
    "en-mr": {
        "jw300": 195754,
        "opus100": 25779,
        "gnome": 142,
        "ubuntu": 3122,
        "wikimatrix": 124294,
        "kde4": 11572,
        "ted2020": 22486,
        "pib-v1.3": 117197,
        "pmi-v1": 36131,
        "mkb-v0": 5867,
        "total": 542344
    },
    "en-or": {
        "jw300": 0,
        "opus100": 13361,
        "gnome": 140,
        "ubuntu": 8533,
        "kde4": 7691,
        "pib-v1.3": 98194,
        "pmi-v1": 38359,
        "mkb-v0": 768,
        "odi-en-v2.0": 38672,
        "total": 205718
    },
    "en-pa": {
        "jw300": 302027,
        "opus100": 70529,
        "gnome": 9596,
        "ubuntu": 4005,
        "kde4": 75392,
        "ted2020": 752,
        "pib-v1.3": 103264,
        "pmi-v1": 34395,
        "total": 599960
    },
    "en-sa": {
        "ramayana-sans-iitk": 101833,
        "sanskrit-bible": 7929,
        "total": 109762
    },
    "en-ta": {
        "jw300": 437882,
        "subtitles": 23495,
        "opus100": 183363,
        "gnome": 3930,
        "ubuntu": 3793,
        "wikimatrix": 72616,
        "kde4": 77654,
        "tanzil": 92360,
        "ted2020": 11035,
        "pib-v1.3": 118743,
        "pmi-v1": 39526,
        "mkb-v0": 5744,
        "wikititles-temp": 93931,
        "ufal-en-ta": 165762,
        "wiki-turk": 33631,
        "sanskrit-bible": 7924,
        "total": 1371389
    },
    "en-te": {
        "jw300": 139370,
        "subtitles": 19874,
        "opus100": 38044,
        "gnome": 113,
        "ubuntu": 4143,
        "wikimatrix": 91880,
        "kde4": 14080,
        "ted2020": 5212,
        "pib-v1.3": 44882,
        "pmi-v1": 40283,
        "mkb-v0": 5177,
        "wiki-turk": 41396,
        "sanskrit-bible": 7904,
        "total": 452358
    },
    "en-ur": {
        "jw300": 284562,
        "subtitles": 13000,
        "opus100": 723725,
        "gnome": 2632,
        "ubuntu": 2204,
        "tanzil": 736653,
        "ted2020": 15346,
        "pib-v1.3": 202549,
        "pmi-v1": 11167,
        "mkb-v0": 1019,
        "en-ur-charles": 14312,
        "wiki-turk": 32146,
        "total": 2039315
    },
    "gu-hi": {
        "jw300": 272141,
        "gnome": 23415,
        "ubuntu": 8498,
        "kde4": 26563,
        "ted2020": 3644,
        "pib-v1.3": 41566,
        "pmi-v1": 35668,
        "mkb-v0": 3213,
        "indo-wordnet-v0.2": 66130,
        "sanskrit-bible": 7931,
        "total": 488769
    },
    "gu-kn": {
        "jw300": 273090,
        "gnome": 45,
        "ubuntu": 1917,
        "kde4": 10990,
        "ted2020": 577,
        "pmi-v1": 28912,
        "indo-wordnet-v0.2": 40848,
        "sanskrit-bible": 7931,
        "total": 364310
    },
    "gu-ml": {
        "jw300": 262020,
        "gnome": 2095,
        "ubuntu": 9110,
        "kde4": 25971,
        "ted2020": 321,
        "pib-v1.3": 18245,
        "pmi-v1": 26934,
        "mkb-v0": 3469,
        "indo-wordnet-v0.2": 55330,
        "sanskrit-bible": 7928,
        "total": 411423
    },
    "gu-mni": {
        "jw300": 0,
        "pmi-v1": 6188,
        "indo-wordnet-v0.2": 30954,
        "total": 37142
    },
    "gu-mr": {
        "jw300": 242747,
        "gnome": 112,
        "ubuntu": 1877,
        "kde4": 10551,
        "ted2020": 2430,
        "pib-v1.3": 30761,
        "pmi-v1": 30321,
        "mkb-v0": 3658,
        "indo-wordnet-v0.2": 51431,
        "total": 373888
    },
    "gu-or": {
        "jw300": 0,
        "gnome": 114,
        "ubuntu": 7984,
        "kde4": 6734,
        "pib-v1.3": 27161,
        "pmi-v1": 31937,
        "mkb-v0": 541,
        "indo-wordnet-v0.2": 65465,
        "total": 139936
    },
    "gu-pa": {
        "jw300": 258438,
        "gnome": 6654,
        "ubuntu": 2801,
        "kde4": 22618,
        "ted2020": 86,
        "pib-v1.3": 35523,
        "pmi-v1": 29385,
        "indo-wordnet-v0.2": 60542,
        "total": 416047
    },
    "gu-sa": {
        "indo-wordnet-sans-v0.2": 44453,
        "sanskrit-bible": 7932,
        "total": 52385
    },
    "gu-ta": {
        "jw300": 265331,
        "gnome": 4316,
        "ubuntu": 1928,
        "kde4": 21830,
        "ted2020": 912,
        "pib-v1.3": 29187,
        "pmi-v1": 31506,
        "mkb-v0": 3998,
        "indo-wordnet-v0.2": 49506,
        "sanskrit-bible": 7931,
        "total": 416445
    },
    "gu-te": {
        "jw300": 165786,
        "gnome": 109,
        "ubuntu": 8212,
        "kde4": 9879,
        "ted2020": 440,
        "pib-v1.3": 16334,
        "pmi-v1": 33037,
        "mkb-v0": 3528,
        "indo-wordnet-v0.2": 41879,
        "sanskrit-bible": 7906,
        "total": 287110
    },
    "gu-ur": {
        "jw300": 237648,
        "gnome": 2197,
        "ubuntu": 2346,
        "ted2020": 1888,
        "pib-v1.3": 29935,
        "pmi-v1": 9517,
        "mkb-v0": 749,
        "indo-wordnet-v0.2": 64208,
        "total": 348488
    },
    "hi-kn": {
        "jw300": 297684,
        "gnome": 41,
        "ubuntu": 8703,
        "kde4": 11095,
        "ted2020": 1205,
        "pmi-v1": 23874,
        "indo-wordnet-v0.2": 43523,
        "sanskrit-bible": 7930,
        "total": 394055
    },
    "hi-ml": {
        "jw300": 308785,
        "subtitles": 1656,
        "gnome": 3809,
        "ubuntu": 8379,
        "kde4": 32988,
        "tanzil": 24853,
        "ted2020": 1759,
        "pib-v1.3": 27164,
        "pmi-v1": 23435,
        "mkb-v0": 2305,
        "indo-wordnet-v0.2": 57550,
        "sanskrit-bible": 7924,
        "total": 500607
    },
    "hi-mni": {
        "jw300": 0,
        "pmi-v1": 5692,
        "indo-wordnet-v0.2": 30399,
        "total": 36091
    },
    "hi-mr": {
        "jw300": 271865,
        "gnome": 196,
        "ubuntu": 1877,
        "wikimatrix": 11686,
        "kde4": 9142,
        "ted2020": 7794,
        "pib-v1.3": 69169,
        "pmi-v1": 26399,
        "mkb-v0": 2491,
        "indo-wordnet-v0.2": 55552,
        "wmt-hi-mr": 17376,
        "total": 473547
    },
    "hi-or": {
        "jw300": 0,
        "gnome": 209,
        "ubuntu": 7919,
        "kde4": 6351,
        "pib-v1.3": 61066,
        "pmi-v1": 26279,
        "mkb-v0": 389,
        "indo-wordnet-v0.2": 65843,
        "total": 168056
    },
    "hi-pa": {
        "jw300": 355564,
        "gnome": 25847,
        "ubuntu": 8748,
        "kde4": 48907,
        "ted2020": 401,
        "pib-v1.3": 75111,
        "pmi-v1": 24458,
        "indo-wordnet-v0.2": 60695,
        "total": 599731
    },
    "hi-sa": {
        "indo-wordnet-sans-v0.2": 47474,
        "ramcharitmanas-sans": 5938,
        "sanskrit-bible": 7929,
        "total": 61341
    },
    "hi-ta": {
        "jw300": 476517,
        "subtitles": 16616,
        "gnome": 4867,
        "ubuntu": 9162,
        "wikimatrix": 13224,
        "kde4": 57633,
        "tanzil": 12425,
        "ted2020": 4740,
        "pib-v1.3": 64942,
        "pmi-v1": 28085,
        "mkb-v0": 2761,
        "indo-wordnet-v0.2": 49155,
        "sanskrit-bible": 7926,
        "total": 748053
    },
    "hi-te": {
        "jw300": 177746,
        "subtitles": 19329,
        "gnome": 238,
        "ubuntu": 3030,
        "wikimatrix": 18147,
        "kde4": 11321,
        "ted2020": 2648,
        "pib-v1.3": 28566,
        "pmi-v1": 28959,
        "mkb-v0": 2289,
        "indo-wordnet-v0.2": 41417,
        "sanskrit-bible": 7906,
        "total": 341596
    },
    "hi-ur": {
        "jw300": 239474,
        "gnome": 2677,
        "ubuntu": 2421,
        "tanzil": 99103,
        "ted2020": 4872,
        "pib-v1.3": 109938,
        "pmi-v1": 8442,
        "mkb-v0": 742,
        "indo-wordnet-v0.2": 64521,
        "total": 532190
    },
    "kn-ml": {
        "jw300": 298379,
        "gnome": 44,
        "ubuntu": 9276,
        "kde4": 10767,
        "ted2020": 207,
        "pmi-v1": 21468,
        "indo-wordnet-v0.2": 41000,
        "sanskrit-bible": 7925,
        "total": 389066
    },
    "kn-mni": {
        "jw300": 0,
        "pmi-v1": 5576,
        "indo-wordnet-v0.2": 26793,
        "total": 32369
    },
    "kn-mr": {
        "jw300": 288163,
        "gnome": 44,
        "ubuntu": 1856,
        "kde4": 9438,
        "ted2020": 376,
        "pmi-v1": 20950,
        "indo-wordnet-v0.2": 37933,
        "total": 358760
    },
    "kn-or": {
        "jw300": 0,
        "gnome": 46,
        "ubuntu": 7787,
        "kde4": 5751,
        "pmi-v1": 27839,
        "indo-wordnet-v0.2": 39047,
        "total": 80470
    },
    "kn-pa": {
        "jw300": 286639,
        "gnome": 42,
        "ubuntu": 2034,
        "kde4": 11537,
        "pmi-v1": 24474,
        "indo-wordnet-v0.2": 38794,
        "total": 363520
    },
    "kn-sa": {
        "indo-wordnet-sans-v0.2": 31021,
        "sanskrit-bible": 7930,
        "total": 38951
    },
    "kn-ta": {
        "jw300": 312650,
        "gnome": 4861,
        "ubuntu": 2275,
        "kde4": 10674,
        "ted2020": 1314,
        "pmi-v1": 22484,
        "indo-wordnet-v0.2": 38135,
        "sanskrit-bible": 7928,
        "total": 400321
    },
    "kn-te": {
        "jw300": 192357,
        "gnome": 46,
        "ubuntu": 8206,
        "kde4": 7932,
        "ted2020": 904,
        "pmi-v1": 24009,
        "indo-wordnet-v0.2": 37565,
        "sanskrit-bible": 7905,
        "total": 278924
    },
    "kn-ur": {
        "jw300": 224020,
        "gnome": 2075,
        "ubuntu": 2202,
        "ted2020": 1265,
        "pmi-v1": 7652,
        "indo-wordnet-v0.2": 39273,
        "total": 276487
    },
    "ml-mni": {
        "jw300": 0,
        "pmi-v1": 4207,
        "indo-wordnet-v0.2": 30650,
        "total": 34857
    },
    "ml-mr": {
        "jw300": 272482,
        "gnome": 142,
        "ubuntu": 1957,
        "kde4": 10548,
        "ted2020": 672,
        "pib-v1.3": 22794,
        "pmi-v1": 20453,
        "mkb-v0": 2803,
        "indo-wordnet-v0.2": 45555,
        "total": 377406
    },
    "ml-or": {
        "jw300": 0,
        "gnome": 140,
        "ubuntu": 7237,
        "kde4": 6692,
        "pib-v1.3": 19412,
        "pmi-v1": 23880,
        "mkb-v0": 427,
        "indo-wordnet-v0.2": 53958,
        "total": 111746
    },
    "ml-pa": {
        "jw300": 306884,
        "gnome": 939,
        "ubuntu": 10171,
        "kde4": 27630,
        "pib-v1.3": 21970,
        "pmi-v1": 20755,
        "indo-wordnet-v0.2": 53584,
        "total": 441933
    },
    "ml-sa": {
        "indo-wordnet-sans-v0.2": 37194,
        "sanskrit-bible": 7926,
        "total": 45120
    },
    "ml-ta": {
        "jw300": 363350,
        "subtitles": 1180,
        "gnome": 826,
        "ubuntu": 8188,
        "kde4": 29047,
        "tanzil": 12390,
        "ted2020": 727,
        "pib-v1.3": 23609,
        "pmi-v1": 22334,
        "mkb-v0": 3124,
        "indo-wordnet-v0.2": 49630,
        "sanskrit-bible": 7925,
        "total": 522330
    },
    "ml-te": {
        "jw300": 191572,
        "gnome": 113,
        "ubuntu": 2256,
        "kde4": 10115,
        "ted2020": 398,
        "pib-v1.3": 10480,
        "pmi-v1": 23193,
        "mkb-v0": 2898,
        "indo-wordnet-v0.2": 41902,
        "sanskrit-bible": 7901,
        "total": 290828
    },
    "ml-ur": {
        "jw300": 236911,
        "gnome": 2038,
        "ubuntu": 2380,
        "tanzil": 98844,
        "ted2020": 367,
        "pib-v1.3": 20912,
        "pmi-v1": 7032,
        "mkb-v0": 624,
        "indo-wordnet-v0.2": 54653,
        "total": 423761
    },
    "mni-mr": {
        "jw300": 0,
        "pmi-v1": 4542,
        "indo-wordnet-v0.2": 28916,
        "total": 33458
    },
    "mni-or": {
        "jw300": 0,
        "pmi-v1": 6283,
        "indo-wordnet-v0.2": 30881,
        "total": 37164
    },
    "mni-pa": {
        "jw300": 0,
        "pmi-v1": 5927,
        "indo-wordnet-v0.2": 30243,
        "total": 36170
    },
    "mni-sa": {
        "indo-wordnet-sans-v0.2": 24337,
        "total": 24337
    },
    "mni-ta": {
        "jw300": 0,
        "pmi-v1": 5058,
        "indo-wordnet-v0.2": 29150,
        "total": 34208
    },
    "mni-te": {
        "jw300": 0,
        "pmi-v1": 5545,
        "indo-wordnet-v0.2": 26833,
        "total": 32378
    },
    "mni-ur": {
        "jw300": 0,
        "pmi-v1": 3265,
        "indo-wordnet-v0.2": 30795,
        "total": 34060
    },
    "mr-or": {
        "jw300": 0,
        "gnome": 143,
        "ubuntu": 6836,
        "kde4": 5706,
        "pib-v1.3": 46999,
        "pmi-v1": 23333,
        "mkb-v0": 432,
        "indo-wordnet-v0.2": 50533,
        "total": 133982
    },
    "mr-pa": {
        "jw300": 265014,
        "gnome": 5719,
        "ubuntu": 1924,
        "kde4": 9469,
        "ted2020": 312,
        "pib-v1.3": 50404,
        "pmi-v1": 20708,
        "indo-wordnet-v0.2": 48078,
        "total": 401628
    },
    "mr-sa": {
        "indo-wordnet-sans-v0.2": 39841,
        "total": 39841
    },
    "mr-ta": {
        "jw300": 286240,
        "gnome": 4481,
        "ubuntu": 2166,
        "kde4": 8211,
        "ted2020": 2719,
        "pib-v1.3": 48534,
        "pmi-v1": 23728,
        "mkb-v0": 3175,
        "indo-wordnet-v0.2": 39787,
        "total": 419041
    },
    "mr-te": {
        "jw300": 181801,
        "gnome": 113,
        "ubuntu": 1837,
        "kde4": 7556,
        "ted2020": 1365,
        "pib-v1.3": 18178,
        "pmi-v1": 24803,
        "mkb-v0": 2839,
        "indo-wordnet-v0.2": 35011,
        "total": 273503
    },
    "mr-ur": {
        "jw300": 206177,
        "gnome": 2565,
        "ubuntu": 2374,
        "ted2020": 3292,
        "pib-v1.3": 49689,
        "pmi-v1": 7225,
        "mkb-v0": 490,
        "indo-wordnet-v0.2": 49638,
        "total": 321450
    },
    "or-pa": {
        "jw300": 0,
        "gnome": 1704,
        "ubuntu": 7899,
        "kde4": 5579,
        "pib-v1.3": 43152,
        "pmi-v1": 28122,
        "indo-wordnet-v0.2": 59798,
        "total": 146254
    },
    "or-sa": {
        "indo-wordnet-sans-v0.2": 43976,
        "total": 43976
    },
    "or-ta": {
        "jw300": 0,
        "gnome": 1565,
        "ubuntu": 8025,
        "kde4": 4822,
        "pib-v1.3": 44035,
        "pmi-v1": 24649,
        "mkb-v0": 470,
        "indo-wordnet-v0.2": 47983,
        "total": 131549
    },
    "or-te": {
        "jw300": 0,
        "gnome": 112,
        "ubuntu": 7742,
        "kde4": 5454,
        "pib-v1.3": 10475,
        "pmi-v1": 26342,
        "mkb-v0": 440,
        "indo-wordnet-v0.2": 40017,
        "total": 90582
    },
    "or-ur": {
        "jw300": 0,
        "gnome": 1396,
        "ubuntu": 2170,
        "pib-v1.3": 43765,
        "pmi-v1": 9535,
        "mkb-v0": 98,
        "indo-wordnet-v0.2": 63617,
        "total": 120581
    },
    "pa-sa": {
        "indo-wordnet-sans-v0.2": 39748,
        "total": 39748
    },
    "pa-ta": {
        "jw300": 352450,
        "gnome": 4679,
        "ubuntu": 2297,
        "kde4": 41362,
        "ted2020": 34,
        "pib-v1.3": 46348,
        "pmi-v1": 21994,
        "indo-wordnet-v0.2": 48337,
        "total": 517501
    },
    "pa-te": {
        "jw300": 185261,
        "gnome": 7889,
        "ubuntu": 8873,
        "kde4": 10303,
        "ted2020": 59,
        "pib-v1.3": 25679,
        "pmi-v1": 23403,
        "indo-wordnet-v0.2": 40528,
        "total": 301995
    },
    "pa-ur": {
        "jw300": 232335,
        "gnome": 1837,
        "ubuntu": 2400,
        "ted2020": 323,
        "pib-v1.3": 51824,
        "pmi-v1": 9440,
        "indo-wordnet-v0.2": 59788,
        "total": 357947
    },
    "sa-ta": {
        "indo-wordnet-sans-v0.2": 32254,
        "sanskrit-bible": 7929,
        "total": 40183
    },
    "sa-te": {
        "indo-wordnet-sans-v0.2": 29566,
        "sanskrit-bible": 7906,
        "total": 37472
    },
    "sa-ur": {
        "indo-wordnet-sans-v0.2": 42442,
        "total": 42442
    },
    "ta-te": {
        "jw300": 206013,
        "subtitles": 17650,
        "gnome": 5308,
        "ubuntu": 8854,
        "kde4": 9657,
        "ted2020": 1330,
        "pib-v1.3": 17359,
        "pmi-v1": 26713,
        "mkb-v0": 3100,
        "indo-wordnet-v0.2": 42023,
        "sanskrit-bible": 7906,
        "total": 345913
    },
    "ta-ur": {
        "jw300": 227869,
        "gnome": 2829,
        "ubuntu": 2469,
        "tanzil": 49432,
        "ted2020": 2461,
        "pib-v1.3": 48892,
        "pmi-v1": 7643,
        "mkb-v0": 637,
        "indo-wordnet-v0.2": 49895,
        "total": 392127
    },
    "te-ur": {
        "jw300": 141824,
        "gnome": 2378,
        "ubuntu": 1463,
        "ted2020": 1593,
        "pib-v1.3": 21147,
        "pmi-v1": 8419,
        "mkb-v0": 599,
        "indo-wordnet-v0.2": 42022,
        "total": 219445
    }
}